{"class_map": {"valid": [{"map95": 0.652423175712262, "map50": 0.8690676852895576, "class": "all"}]}}